{
    "name": "Pteron36",
    "vendorId": "0x4847",
    "productId": "0x5054",
    "lighting": "none",
    "matrix": {
        "rows": 8,
        "cols": 5
    },
    "layouts": {
       
        "keymap":[[{"x":2},"0,2",{"x":9.5},"4,2"],[{"y":-0.5,"x":1},"0,1",{"x":1},"0,3",{"x":7.5},"4,3",{"x":1},"4,1"],[{"y":-0.75,"x":4},"0,4",{"x":5.5},"4,4"],[{"y":-0.75},"0,0",{"x":1},"1,2",{"x":9.5},"5,2",{"x":1},"4,0"],[{"y":-0.5,"x":1},"1,1",{"x":1},"1,3",{"x":7.5},"5,3",{"x":1},"5,1"],[{"y":-0.75,"x":4},"1,4",{"x":5.5},"5,4"],[{"y":-0.75},"1,0",{"x":1},"2,2",{"x":9.5},"6,2",{"x":1},"5,0"],[{"y":-0.5,"x":1},"2,1",{"x":1},"2,3",{"x":7.5},"6,3",{"x":1},"6,1"],[{"y":-0.75,"x":4},"2,4",{"x":0.25},"3,4",{"x":3},"7,4",{"x":0.25},"6,4"],[{"y":-0.75},"2,0",{"x":13.5},"6,0"],[{"x":4},"3,0","3,1","3,2",{"x":1.5},"7,2","7,1","7,0"]]
    }
}